PhiDot;Phi;Temp;kf
0.1;0.04;20;451.69
0.1;0.06;20;565.16
0.1;0.08;20;639.56
0.1;0.1;20;694.9
0.1;0.12;20;737.81
0.1;0.14;20;774.57
0.1;0.16;20;804.59
0.1;0.18;20;827.31
0.1;0.2;20;845.66
0.1;0.22;20;862.83
0.1;0.24;20;875.72
0.1;0.26;20;887.24
0.1;0.28;20;898.6
0.1;0.3;20;907.89
0.1;0.32;20;916.79
0.1;0.34;20;924
0.1;0.36;20;930.9
0.1;0.38;20;937.5
0.1;0.4;20;942.83
0.1;0.42;20;947.33
0.1;0.44;20;951.63
0.1;0.46;20;955.31
0.1;0.48;20;959.06
0.1;0.5;20;962.35
0.1;0.52;20;965.78
0.1;0.54;20;968.92
0.1;0.56;20;970.8
0.1;0.58;20;973.51
0.1;0.6;20;975.09
0.1;0.62;20;978.31
0.1;0.64;20;979.72
0.1;0.66;20;982.07
0.1;0.68;20;983
0.1;0.7;20;983.94
1.5;0.04;20;556.01
1.5;0.06;20;644.63
1.5;0.08;20;709.2
1.5;0.1;20;761.29
1.5;0.12;20;802.7
1.5;0.14;20;837.27
1.5;0.16;20;866.6
1.5;0.18;20;891.1
1.5;0.2;20;910.5
1.5;0.22;20;926.61
1.5;0.24;20;939.23
1.5;0.26;20;949.56
1.5;0.28;20;957.55
1.5;0.3;20;964.19
1.5;0.32;20;970.24
1.5;0.34;20;976.07
1.5;0.36;20;980.84
1.5;0.38;20;985.27
1.5;0.4;20;988.96
1.5;0.42;20;992.32
1.5;0.44;20;996.08
1.5;0.46;20;998.9
1.5;0.48;20;1001.72
1.5;0.5;20;1005.74
1.5;0.52;20;1009.23
1.5;0.54;20;1012.52
1.5;0.56;20;1015.34
1.5;0.58;20;1018.7
1.5;0.6;20;1021.58
1.5;0.62;20;1024.74
1.5;0.64;20;1027.56
1.5;0.66;20;1030.38
1.5;0.68;20;1033.13
1.5;0.7;20;1035.07
90;0.04;20;641.25
90;0.06;20;749.28
90;0.08;20;815.79
90;0.1;20;864.92
90;0.12;20;904.24
90;0.14;20;933.31
90;0.16;20;955.21
90;0.18;20;971.95
90;0.2;20;986.75
90;0.22;20;998.39
90;0.24;20;1009.02
90;0.26;20;1017.73
90;0.28;20;1026.15
90;0.3;20;1033.53
90;0.32;20;1039.32
90;0.34;20;1045.1
90;0.36;20;1050.11
90;0.38;20;1054.32
90;0.4;20;1057.63
90;0.42;20;1060.45
90;0.44;20;1062.33
90;0.46;20;1064.78
90;0.48;20;1067.02
90;0.5;20;1068.9
90;0.52;20;1070.78
90;0.54;20;1072.19
90;0.56;20;1073.6
90;0.58;20;1075.01
90;0.6;20;1076.89
90;0.62;20;1077.83
90;0.64;20;1078.77
90;0.66;20;1080.18
90;0.68;20;1080.65
90;0.7;20;1081.59
0.1;0.04;100;440.97
0.1;0.06;100;523.62
0.1;0.08;100;583.1
0.1;0.1;100;628.65
0.1;0.12;100;667.39
0.1;0.14;100;697.43
0.1;0.16;100;723.64
0.1;0.18;100;745.07
0.1;0.2;100;764.13
0.1;0.22;100;779.86
0.1;0.24;100;792.74
0.1;0.26;100;804.68
0.1;0.28;100;815.19
0.1;0.3;100;824.75
0.1;0.32;100;833.77
0.1;0.34;100;840.95
0.1;0.36;100;848.49
0.1;0.38;100;854.79
0.1;0.4;100;860.99
0.1;0.42;100;866.05
0.1;0.44;100;871.02
0.1;0.46;100;876.28
0.1;0.48;100;879.82
0.1;0.5;100;884.57
0.1;0.52;100;888.72
0.1;0.54;100;892.07
0.1;0.56;100;895.49
0.1;0.58;100;898.79
0.1;0.6;100;901.67
0.1;0.62;100;904.99
0.1;0.64;100;907.43
0.1;0.66;100;910.69
0.1;0.68;100;913.54
0.1;0.7;100;916.38
1.5;0.04;100;510.58
1.5;0.06;100;588.08
1.5;0.08;100;647.8
1.5;0.1;100;694.33
1.5;0.12;100;731.02
1.5;0.14;100;762.01
1.5;0.16;100;788.22
1.5;0.18;100;810.6
1.5;0.2;100;828.86
1.5;0.22;100;842.66
1.5;0.24;100;855.04
1.5;0.26;100;866.4
1.5;0.28;100;876.47
1.5;0.3;100;884.57
1.5;0.32;100;892.68
1.5;0.34;100;900.3
1.5;0.36;100;906.89
1.5;0.38;100;912.71
1.5;0.4;100;917.81
1.5;0.42;100;922.27
1.5;0.44;100;926.58
1.5;0.46;100;931.36
1.5;0.48;100;934.9
1.5;0.5;100;938.7
1.5;0.52;100;942.5
1.5;0.54;100;945.82
1.5;0.56;100;948.67
1.5;0.58;100;951.05
1.5;0.6;100;954.37
1.5;0.62;100;956.27
1.5;0.64;100;958.71
1.5;0.66;100;961.11
1.5;0.68;100;963.52
1.5;0.7;100;966.71
90;0.04;100;595.7
90;0.06;100;676.32
90;0.08;100;736.94
90;0.1;100;783.12
90;0.12;100;818.86
90;0.14;100;847.47
90;0.16;100;872.73
90;0.18;100;894.16
90;0.2;100;912.27
90;0.22;100;928.35
90;0.24;100;940.6
90;0.26;100;950.1
90;0.28;100;958.17
90;0.3;100;965.29
90;0.32;100;971.49
90;0.34;100;976.69
90;0.36;100;982
90;0.38;100;986.78
90;0.4;100;990.46
90;0.42;100;993.78
90;0.44;100;997.07
90;0.46;100;999.48
90;0.48;100;1002.33
90;0.5;100;1005.17
90;0.52;100;1007.07
90;0.54;100;1008.97
90;0.56;100;1010.87
90;0.58;100;1012.3
90;0.6;100;1013.72
90;0.62;100;1015.15
90;0.64;100;1016.57
90;0.66;100;1018.09
90;0.68;100;1019.07
90;0.7;100;1020.05
0.1;0.04;200;454.84
0.1;0.06;200;521.63
0.1;0.08;200;570.4
0.1;0.1;200;609.26
0.1;0.12;200;639.18
0.1;0.14;200;662.81
0.1;0.16;200;682.21
0.1;0.18;200;696.84
0.1;0.2;200;710.99
0.1;0.22;200;723.67
0.1;0.24;200;735.06
0.1;0.26;200;745.51
0.1;0.28;200;754.99
0.1;0.3;200;764
0.1;0.32;200;771.61
0.1;0.34;200;778.57
0.1;0.36;200;784.95
0.1;0.38;200;790.27
0.1;0.4;200;795.48
0.1;0.42;200;801.03
0.1;0.44;200;805.71
0.1;0.46;200;809.92
0.1;0.48;200;814.6
0.1;0.5;200;818.81
0.1;0.52;200;822.55
0.1;0.54;200;826.76
0.1;0.56;200;830.51
0.1;0.58;200;833.78
0.1;0.6;200;837.06
0.1;0.62;200;840.33
0.1;0.64;200;843.61
0.1;0.66;200;846.64
0.1;0.68;200;850.16
0.1;0.7;200;853.43
1.5;0.04;200;494.61
1.5;0.06;200;563.06
1.5;0.08;200;613.91
1.5;0.1;200;653.44
1.5;0.12;200;682.01
1.5;0.14;200;703.99
1.5;0.16;200;722.95
1.5;0.18;200;740.03
1.5;0.2;200;755.24
1.5;0.22;200;768.2
1.5;0.24;200;780.48
1.5;0.26;200;791.67
1.5;0.28;200;801.31
1.5;0.3;200;810.79
1.5;0.32;200;818.4
1.5;0.34;200;826
1.5;0.36;200;832.67
1.5;0.38;200;838.88
1.5;0.4;200;844.08
1.5;0.42;200;848.66
1.5;0.44;200;853.9
1.5;0.46;200;858.54
1.5;0.48;200;862.48
1.5;0.5;200;867
1.5;0.52;200;871.07
1.5;0.54;200;874.96
1.5;0.56;200;879.17
1.5;0.58;200;881.97
1.5;0.6;200;884.78
1.5;0.62;200;888.98
1.5;0.64;200;891.33
1.5;0.66;200;894.61
1.5;0.68;200;898.23
1.5;0.7;200;900.69
90;0.04;200;551.46
90;0.06;200;620.52
90;0.08;200;672.7
90;0.1;200;715.12
90;0.12;200;750.64
90;0.14;200;781.07
90;0.16;200;804.75
90;0.18;200;822.76
90;0.2;200;838.44
90;0.22;200;850.69
90;0.24;200;862.06
90;0.26;200;872.01
90;0.28;200;881.22
90;0.3;200;889.7
90;0.32;200;895.83
90;0.34;200;902.88
90;0.36;200;908.59
90;0.38;200;913.36
90;0.4;200;917.99
90;0.42;200;921.76
90;0.44;200;925.78
90;0.46;200;929.31
90;0.48;200;932.49
90;0.5;200;935.44
90;0.52;200;938.25
90;0.54;200;940.7
90;0.56;200;943.55
90;0.58;200;946.28
90;0.6;200;948.37
90;0.62;200;950.52
90;0.64;200;952.25
90;0.66;200;954.19
90;0.68;200;955.71
90;0.7;200;958.07
0.1;0.04;300;470.84
0.1;0.06;300;539.05
0.1;0.08;300;589.57
0.1;0.1;300;631.19
0.1;0.12;300;661.64
0.1;0.14;300;686.12
0.1;0.16;300;704.18
0.1;0.18;300;716.38
0.1;0.2;300;726.97
0.1;0.22;300;736.35
0.1;0.24;300;744.91
0.1;0.26;300;752.37
0.1;0.28;300;758.92
0.1;0.3;300;765
0.1;0.32;300;770.62
0.1;0.34;300;775.3
0.1;0.36;300;779.08
0.1;0.38;300;783.25
0.1;0.4;300;786.06
0.1;0.42;300;788.68
0.1;0.44;300;791.2
0.1;0.46;300;793.08
0.1;0.48;300;794.95
0.1;0.5;300;796.35
0.1;0.52;300;798.22
0.1;0.54;300;799.63
0.1;0.56;300;800.09
0.1;0.58;300;801.5
0.1;0.6;300;801.97
0.1;0.62;300;802.58
0.1;0.64;300;803.84
0.1;0.66;300;804.31
0.1;0.68;300;804.77
0.1;0.7;300;805.71
1.5;0.04;300;462.3
1.5;0.06;300;518.93
1.5;0.08;300;561.82
1.5;0.1;300;596.76
1.5;0.12;300;621.39
1.5;0.14;300;640.17
1.5;0.16;300;656.33
1.5;0.18;300;669.59
1.5;0.2;300;682.39
1.5;0.22;300;693.36
1.5;0.24;300;703.74
1.5;0.26;300;713.17
1.5;0.28;300;721.68
1.5;0.3;300;730.18
1.5;0.32;300;736.93
1.5;0.34;300;743.91
1.5;0.36;300;750.11
1.5;0.38;300;756.58
1.5;0.4;300;762.86
1.5;0.42;300;768.28
1.5;0.44;300;774.25
1.5;0.46;300;779.51
1.5;0.48;300;784.71
1.5;0.5;300;789.33
1.5;0.52;300;794.69
1.5;0.54;300;799.16
1.5;0.56;300;803.28
1.5;0.58;300;807.58
1.5;0.6;300;812.33
1.5;0.62;300;816.47
1.5;0.64;300;819.75
1.5;0.66;300;823.96
1.5;0.68;300;827.62
1.5;0.7;300;831.44
90;0.04;300;516.73
90;0.06;300;577.18
90;0.08;300;624.98
90;0.1;300;664.61
90;0.12;300;696.72
90;0.14;300;722.7
90;0.16;300;742.89
90;0.18;300;760.83
90;0.2;300;776.43
90;0.22;300;791.57
90;0.24;300;804.36
90;0.26;300;815.53
90;0.28;300;824.33
90;0.3;300;833.11
90;0.32;300;840.21
90;0.34;300;846.84
90;0.36;300;852.54
90;0.38;300;857.64
90;0.4;300;862.79
90;0.42;300;867
90;0.44;300;870.75
90;0.46;300;873.55
90;0.48;300;876.36
90;0.5;300;878.23
90;0.52;300;880.1
90;0.54;300;882.91
90;0.56;300;884.31
90;0.58;300;885.72
90;0.6;300;887.12
90;0.62;300;887.59
90;0.64;300;889.46
90;0.66;300;889.62
90;0.68;300;890.4
90;0.7;300;891.33
0.1;0.04;400;453.01
0.1;0.06;400;529.77
0.1;0.08;400;582.83
0.1;0.1;400;624.2
0.1;0.12;400;653.55
0.1;0.14;400;676.52
0.1;0.16;400;694.05
0.1;0.18;400;708.29
0.1;0.2;400;719.78
0.1;0.22;400;727.36
0.1;0.24;400;734.82
0.1;0.26;400;740.93
0.1;0.28;400;746.57
0.1;0.3;400;751.88
0.1;0.32;400;756.92
0.1;0.34;400;760.68
0.1;0.36;400;763.97
0.1;0.38;400;767.46
0.1;0.4;400;771.22
0.1;0.42;400;775.25
0.1;0.44;400;778.54
0.1;0.46;400;782.3
0.1;0.48;400;785.59
0.1;0.5;400;789.42
0.1;0.52;400;792.65
0.1;0.54;400;795.94
0.1;0.56;400;798.76
0.1;0.58;400;802.99
0.1;0.6;400;805.81
0.1;0.62;400;809.91
0.1;0.64;400;812.86
0.1;0.66;400;816.15
0.1;0.68;400;818.97
0.1;0.7;400;821.79
1.5;0.04;400;473.16
1.5;0.06;400;540.79
1.5;0.08;400;585.65
1.5;0.1;400;623.26
1.5;0.12;400;650.4
1.5;0.14;400;670.88
1.5;0.16;400;685.93
1.5;0.18;400;698.62
1.5;0.2;400;709.3
1.5;0.22;400;717.42
1.5;0.24;400;725.15
1.5;0.26;400;731.53
1.5;0.28;400;737.64
1.5;0.3;400;743.75
1.5;0.32;400;749.66
1.5;0.34;400;754.16
1.5;0.36;400;758.39
1.5;0.38;400;762.09
1.5;0.4;400;765.85
1.5;0.42;400;768.2
1.5;0.44;400;771.15
1.5;0.46;400;773.37
1.5;0.48;400;776.66
1.5;0.5;400;778.54
1.5;0.52;400;779.75
1.5;0.54;400;780.56
1.5;0.56;400;780.42
1.5;0.58;400;782.3
1.5;0.6;400;782.77
1.5;0.62;400;783.71
1.5;0.64;400;784.65
1.5;0.66;400;784.65
1.5;0.68;400;785.59
1.5;0.7;400;786.06
90;0.04;400;518.49
90;0.06;400;579.14
90;0.08;400;625.08
90;0.1;400;663.02
90;0.12;400;696.2
90;0.14;400;722.6
90;0.16;400;742.01
90;0.18;400;758.33
90;0.2;400;771.42
90;0.22;400;781.36
90;0.24;400;789.83
90;0.26;400;797.68
90;0.28;400;804.87
90;0.3;400;810.98
90;0.32;400;816.42
90;0.34;400;821.32
90;0.36;400;826.03
90;0.38;400;829.05
90;0.4;400;832.47
90;0.42;400;834.96
90;0.44;400;837.31
90;0.46;400;839.19
90;0.48;400;841.07
90;0.5;400;842.48
90;0.52;400;843.89
90;0.54;400;844.83
90;0.56;400;846.24
90;0.58;400;847.18
90;0.6;400;848.12
90;0.62;400;849.06
90;0.64;400;849.94
90;0.66;400;850
90;0.68;400;851.75
90;0.7;400;851.88
0.1;0.04;500;400.98
0.1;0.06;500;450.97
0.1;0.08;500;482.64
0.1;0.1;500;505.53
0.1;0.12;500;523.76
0.1;0.14;500;537.15
0.1;0.16;500;547.89
0.1;0.18;500;557.24
0.1;0.2;500;565.66
0.1;0.22;500;572.39
0.1;0.24;500;579.23
0.1;0.26;500;584.38
0.1;0.28;500;590.56
0.1;0.3;500;595.62
0.1;0.32;500;599.85
0.1;0.34;500;604.08
0.1;0.36;500;607.82
0.1;0.38;500;611.5
0.1;0.4;500;614.34
0.1;0.42;500;617.23
0.1;0.44;500;620.4
0.1;0.46;500;623.05
0.1;0.48;500;625.52
0.1;0.5;500;628.79
0.1;0.52;500;631.12
0.1;0.54;500;634.38
0.1;0.56;500;636.71
0.1;0.58;500;639.51
0.1;0.6;500;641.37
0.1;0.62;500;642.77
0.1;0.64;500;645.49
0.1;0.66;500;648.31
0.1;0.68;500;650.23
0.1;0.7;500;652.56
1.5;0.04;500;456.12
1.5;0.06;500;516.77
1.5;0.08;500;557.79
1.5;0.1;500;585.37
1.5;0.12;500;602.07
1.5;0.14;500;615.17
1.5;0.16;500;625.74
1.5;0.18;500;634.15
1.5;0.2;500;642.1
1.5;0.22;500;648.66
1.5;0.24;500;654.42
1.5;0.26;500;659.43
1.5;0.28;500;663.65
1.5;0.3;500;667.47
1.5;0.32;500;670.74
1.5;0.34;500;674.92
1.5;0.36;500;678.66
1.5;0.38;500;682.85
1.5;0.4;500;686.18
1.5;0.42;500;690.78
1.5;0.44;500;694.16
1.5;0.46;500;697.77
1.5;0.48;500;701.03
1.5;0.5;500;704.3
1.5;0.52;500;708.25
1.5;0.54;500;712.01
1.5;0.56;500;715.95
1.5;0.58;500;719.82
1.5;0.6;500;723.27
1.5;0.62;500;725.38
1.5;0.64;500;728.53
1.5;0.66;500;731.69
1.5;0.68;500;734.59
1.5;0.7;500;737.86
90;0.04;500;504.35
90;0.06;500;581.26
90;0.08;500;638.39
90;0.1;500;680.92
90;0.12;500;714.1
90;0.14;500;741.21
90;0.16;500;762.52
90;0.18;500;778.89
90;0.2;500;792.86
90;0.22;500;804.51
90;0.24;500;813.83
90;0.26;500;819.89
90;0.28;500;824.55
90;0.3;500;828.21
90;0.32;500;831.08
90;0.34;500;833.41
90;0.36;500;835.27
90;0.38;500;836.67
90;0.4;500;838
90;0.42;500;839.56
90;0.44;500;840.87
90;0.46;500;841.8
90;0.48;500;842.73
90;0.5;500;843.66
90;0.52;500;844.82
90;0.54;500;845.53
90;0.56;500;846.46
90;0.58;500;846.93
90;0.6;500;846.93
90;0.62;500;847.86
90;0.64;500;847.86
90;0.66;500;848.32
90;0.68;500;848.79
90;0.7;500;849.72
0.1;0.04;600;266.39
0.1;0.06;600;294.8
0.1;0.08;600;309.5
0.1;0.1;600;319.66
0.1;0.12;600;326.37
0.1;0.14;600;330.37
0.1;0.16;600;332.98
0.1;0.18;600;334.96
0.1;0.2;600;336.93
0.1;0.22;600;337.42
0.1;0.24;600;337.92
0.1;0.26;600;338.9
0.1;0.28;600;339.89
0.1;0.3;600;339.89
0.1;0.32;600;341.86
0.1;0.34;600;341.86
0.1;0.36;600;342.85
0.1;0.38;600;343.84
0.1;0.4;600;344.82
0.1;0.42;600;345.81
0.1;0.44;600;345.81
0.1;0.46;600;346.3
0.1;0.48;600;346.8
0.1;0.5;600;346.8
0.1;0.52;600;347.78
0.1;0.54;600;347.29
0.1;0.56;600;347.78
0.1;0.58;600;347.73
0.1;0.6;600;347.29
0.1;0.62;600;347.29
0.1;0.64;600;348.28
0.1;0.66;600;348.28
0.1;0.68;600;349.07
0.1;0.7;600;348.77
1.5;0.04;600;306.35
1.5;0.06;600;365.84
1.5;0.08;600;398
1.5;0.1;600;413.39
1.5;0.12;600;424.35
1.5;0.14;600;431.99
1.5;0.16;600;439.05
1.5;0.18;600;444.42
1.5;0.2;600;449.41
1.5;0.22;600;452.91
1.5;0.24;600;456.31
1.5;0.26;600;458.93
1.5;0.28;600;461.44
1.5;0.3;600;464.2
1.5;0.32;600;467.16
1.5;0.34;600;470.12
1.5;0.36;600;472.1
1.5;0.38;600;474.51
1.5;0.4;600;476.04
1.5;0.42;600;478.02
1.5;0.44;600;479.6
1.5;0.46;600;481.47
1.5;0.48;600;482.95
1.5;0.5;600;483.94
1.5;0.52;600;485.42
1.5;0.54;600;486.26
1.5;0.56;600;486.8
1.5;0.58;600;488.38
1.5;0.6;600;489.36
1.5;0.62;600;490.84
1.5;0.64;600;491.34
1.5;0.66;600;491.34
1.5;0.68;600;492.32
1.5;0.7;600;492.32
90;0.04;600;386.16
90;0.06;600;466.77
90;0.08;600;523.3
90;0.1;600;568.79
90;0.12;600;595.03
90;0.14;600;613.38
90;0.16;600;628.28
90;0.18;600;640.76
90;0.2;600;651.17
90;0.22;600;660.59
90;0.24;600;669.42
90;0.26;600;676.82
90;0.28;600;683.73
90;0.3;600;690.14
90;0.32;600;696.06
90;0.34;600;700.01
90;0.36;600;704.45
90;0.38;600;708.84
90;0.4;600;712.83
90;0.42;600;716.29
90;0.44;600;719.74
90;0.46;600;721.86
90;0.48;600;724.18
90;0.5;600;726.4
90;0.52;600;728.72
90;0.54;600;730.59
90;0.56;600;732.57
90;0.58;600;734.05
90;0.6;600;736.51
90;0.62;600;737.99
90;0.64;600;738.98
90;0.66;600;739.96
90;0.68;600;740.95
90;0.7;600;740.95
0.1;0.04;700;176.95
0.1;0.06;700;188.68
0.1;0.08;700;193.43
0.1;0.1;700;194.91
0.1;0.12;700;195.86
0.1;0.14;700;196.33
0.1;0.16;700;196.8
0.1;0.18;700;196.8
0.1;0.2;700;197.74
0.1;0.22;700;198.22
0.1;0.24;700;198.22
0.1;0.26;700;199.36
0.1;0.28;700;199.63
0.1;0.3;700;199.63
0.1;0.32;700;200.1
0.1;0.34;700;200.58
0.1;0.36;700;200.86
0.1;0.38;700;201.05
0.1;0.4;700;201.99
0.1;0.42;700;202.46
0.1;0.44;700;202.46
0.1;0.46;700;202.94
0.1;0.48;700;203.41
0.1;0.5;700;203.49
0.1;0.52;700;203.88
0.1;0.54;700;203.88
0.1;0.56;700;204.35
0.1;0.58;700;204.81
0.1;0.6;700;205.3
0.1;0.62;700;205.3
0.1;0.64;700;205.77
0.1;0.66;700;205.77
0.1;0.68;700;205.77
0.1;0.7;700;206.24
1.5;0.04;700;241.57
1.5;0.06;700;260.42
1.5;0.08;700;274.55
1.5;0.1;700;283.48
1.5;0.12;700;290.15
1.5;0.14;700;292.61
1.5;0.16;700;293.55
1.5;0.18;700;294.02
1.5;0.2;700;294.97
1.5;0.22;700;294.97
1.5;0.24;700;295.91
1.5;0.26;700;295.91
1.5;0.28;700;296.38
1.5;0.3;700;296.38
1.5;0.32;700;296.38
1.5;0.34;700;296.38
1.5;0.36;700;296.38
1.5;0.38;700;296.38
1.5;0.4;700;296.38
1.5;0.42;700;296.85
1.5;0.44;700;297.8
1.5;0.46;700;298.27
1.5;0.48;700;298.27
1.5;0.5;700;298.74
1.5;0.52;700;298.74
1.5;0.54;700;299.21
1.5;0.56;700;299.21
1.5;0.58;700;299.23
1.5;0.6;700;299.68
1.5;0.62;700;299.68
1.5;0.64;700;300.16
1.5;0.66;700;300.16
1.5;0.68;700;301.98
1.5;0.7;700;302.04
90;0.04;700;354.81
90;0.06;700;381.71
90;0.08;700;402.03
90;0.1;700;418.06
90;0.12;700;431.73
90;0.14;700;443.88
90;0.16;700;453.41
90;0.18;700;462.03
90;0.2;700;468.48
90;0.22;700;474.3
90;0.24;700;479.31
90;0.26;700;483.74
90;0.28;700;487.55
90;0.3;700;491.06
90;0.32;700;494.35
90;0.34;700;496.96
90;0.36;700;499.79
90;0.38;700;501.85
90;0.4;700;504.19
90;0.42;700;505.59
90;0.44;700;506.87
90;0.46;700;508.28
90;0.48;700;510.17
90;0.5;700;511.12
90;0.52;700;512.53
90;0.54;700;513.48
90;0.56;700;514.42
90;0.58;700;514.89
90;0.6;700;515.36
90;0.62;700;515.85
90;0.64;700;516.78
90;0.66;700;516.78
90;0.68;700;516.78
90;0.7;700;516.78
1.6;0.05;800;206.25
1.6;0.05;900;139.967
1.6;0.05;1000;106.579
1.6;0.05;1100;72.0396
1.6;0.075;800;221.711
1.6;0.075;900;150
1.6;0.075;1000;115.461
1.6;0.075;1100;79.6054
1.6;0.1;800;232.073
1.6;0.1;900;161.02
1.6;0.1;1000;120.559
1.6;0.1;1100;84.3751
1.6;0.125;800;239.145
1.6;0.125;900;166.448
1.6;0.125;1000;124.178
1.6;0.125;1100;88.8159
1.6;0.15;800;243.421
1.6;0.15;900;172.204
1.6;0.15;1000;126.645
1.6;0.15;1100;91.7765
1.6;0.175;800;249.178
1.6;0.175;900;176.316
1.6;0.175;1000;129.277
1.6;0.175;1100;94.4081
1.6;0.2;800;251.974
1.6;0.2;900;179.277
1.6;0.2;1000;130.099
1.6;0.2;1100;96.5462
1.6;0.225;800;254.606
1.6;0.225;900;182.566
1.6;0.225;1000;130.921
1.6;0.225;1100;96.5462
1.6;0.25;800;258.06
1.6;0.25;900;184.704
1.6;0.25;1000;132.895
1.6;0.25;1100;96.5462
1.6;0.275;800;260.691
1.6;0.275;900;186.185
1.6;0.275;1000;132.895
1.6;0.275;1100;96.5462
1.6;0.3;800;261.514
1.6;0.3;900;187.829
1.6;0.3;1000;131.415
1.6;0.3;1100;98.0265
1.6;0.325;800;263.981
1.6;0.325;900;187.829
1.6;0.325;1000;130.428
1.6;0.325;1100;98.0265
1.6;0.35;800;266.119
1.6;0.35;900;188.816
1.6;0.35;1000;130.428
1.6;0.35;1100;96.5462
1.6;0.375;800;266.119
1.6;0.375;900;188.816
1.6;0.375;1000;130.428
1.6;0.375;1100;94.4081
1.6;0.4;800;266.119
1.6;0.4;900;188.816
1.6;0.4;1000;128.948
1.6;0.4;1100;94.4081
1.6;0.425;800;266.119
1.6;0.425;900;188.816
1.6;0.425;1000;127.467
1.6;0.425;1100;95.0659
1.6;0.45;800;266.119
1.6;0.45;900;188.816
1.6;0.45;1000;126.645
1.6;0.45;1100;93.4212
1.6;0.475;800;266.119
1.6;0.475;900;188.816
1.6;0.475;1000;126.645
1.6;0.475;1100;93.4212
1.6;0.5;800;266.612
1.6;0.5;900;187.829
1.6;0.5;1000;126.645
1.6;0.5;1100;93.4212
1.6;0.525;800;266.612
1.6;0.525;900;186.185
1.6;0.525;1000;125
1.6;0.525;1100;93.4212
1.6;0.55;800;265.461
1.6;0.55;900;185.033
1.6;0.55;1000;123.684
1.6;0.55;1100;92.9278
1.6;0.575;800;264.639
1.6;0.575;900;185.033
1.6;0.575;1000;123.684
1.6;0.575;1100;91.283
1.6;0.6;800;264.639
1.6;0.6;900;184.046
1.6;0.6;1000;123.684
1.6;0.6;1100;90.1317
1.6;0.625;800;263.487
1.6;0.625;900;182.402
1.6;0.625;1000;123.684
1.6;0.625;1100;90.1317
1.6;0.65;800;262.171
1.6;0.65;900;179.935
1.6;0.65;1000;123.684
1.6;0.65;1100;90.1317
1.6;0.675;800;259.869
1.6;0.675;900;178.619
1.6;0.675;1000;123.684
1.6;0.675;1100;90.1317
1.6;0.7;800;258.224
1.6;0.7;900;177.138
1.6;0.7;1000;123.684
1.6;0.7;1100;90.1317
1.6;0.725;800;256.086
1.6;0.725;900;175.494
1.6;0.725;1000;123.684
1.6;0.725;1100;88.158
1.6;0.75;800;255.264
1.6;0.75;900;172.533
1.6;0.75;1000;123.684
1.6;0.75;1100;87.5001
1.6;0.775;800;254.277
1.6;0.775;900;170.724
1.6;0.775;1000;122.204
1.6;0.775;1100;87.5001
1.6;0.8;800;252.796
1.6;0.8;900;169.079
1.6;0.8;1000;122.204
1.6;0.8;1100;87.5001
8;0.05;800;240.165
8;0.05;900;178.678
8;0.05;1000;127.107
8;0.05;1100;90.0826
8;0.075;800;263.967
8;0.075;900;189.587
8;0.075;1000;145.455
8;0.075;1100;99.5041
8;0.1;800;276.694
8;0.1;900;198.182
8;0.1;1000;150.909
8;0.1;1100;103.802
8;0.125;800;284.959
8;0.125;900;203.14
8;0.125;1000;155.537
8;0.125;1100;106.942
8;0.15;800;291.074
8;0.15;900;209.421
8;0.15;1000;159.008
8;0.15;1100;110.413
8;0.175;800;296.364
8;0.175;900;213.719
8;0.175;1000;161.818
8;0.175;1100;112.893
8;0.2;800;299.504
8;0.2;900;218.017
8;0.2;1000;163.306
8;0.2;1100;115.372
8;0.225;800;304.298
8;0.225;900;221.818
8;0.225;1000;165.124
8;0.225;1100;116.694
8;0.25;800;305.95
8;0.25;900;224.298
8;0.25;1000;165.124
8;0.25;1100;119.008
8;0.275;800;309.091
8;0.275;900;226.446
8;0.275;1000;165.785
8;0.275;1100;120
8;0.3;800;311.405
8;0.3;900;230.083
8;0.3;1000;167.603
8;0.3;1100;121.983
8;0.325;800;313.554
8;0.325;900;230.579
8;0.325;1000;167.603
8;0.325;1100;121.983
8;0.35;800;314.545
8;0.35;900;232.397
8;0.35;1000;167.603
8;0.35;1100;121.983
8;0.375;800;315.868
8;0.375;900;233.884
8;0.375;1000;167.603
8;0.375;1100;121.983
8;0.4;800;316.364
8;0.4;900;234.876
8;0.4;1000;166.777
8;0.4;1100;121.983
8;0.425;800;318.347
8;0.425;900;234.876
8;0.425;1000;166.281
8;0.425;1100;121.983
8;0.45;800;318.347
8;0.45;900;234.876
8;0.45;1000;165.455
8;0.45;1100;121.983
8;0.475;800;317.851
8;0.475;900;234.876
8;0.475;1000;163.967
8;0.475;1100;121.983
8;0.5;800;317.851
8;0.5;900;234.876
8;0.5;1000;163.967
8;0.5;1100;121.983
8;0.525;800;317.851
8;0.525;900;233.554
8;0.525;1000;161.983
8;0.525;1100;121.983
8;0.55;800;317.851
8;0.55;900;232.397
8;0.55;1000;161.983
8;0.55;1100;120.661
8;0.575;800;315.702
8;0.575;900;230.909
8;0.575;1000;160.826
8;0.575;1100;120.661
8;0.6;800;315.702
8;0.6;900;230.909
8;0.6;1000;159.835
8;0.6;1100;120.661
8;0.625;800;314.05
8;0.625;900;227.769
8;0.625;1000;158.017
8;0.625;1100;118.843
8;0.65;800;314.05
8;0.65;900;226.281
8;0.65;1000;155.537
8;0.65;1100;117.521
8;0.675;800;312.562
8;0.675;900;224.628
8;0.675;1000;155.537
8;0.675;1100;116.529
8;0.7;800;311.405
8;0.7;900;222.479
8;0.7;1000;155.537
8;0.7;1100;115.372
8;0.725;800;310.083
8;0.725;900;219.339
8;0.725;1000;153.388
8;0.725;1100;113.719
8;0.75;800;309.091
8;0.75;900;216.86
8;0.75;1000;151.57
8;0.75;1100;112.066
8;0.775;800;307.769
8;0.775;900;215.537
8;0.775;1000;151.57
8;0.775;1100;110.744
8;0.8;800;305.785
8;0.8;900;213.058
8;0.8;1000;149.421
8;0.8;1100;108.43
40;0.05;800;311.755
40;0.05;900;209.934
40;0.05;1000;160.099
40;0.05;1100;118.212
40;0.075;800;331.954
40;0.075;900;225
40;0.075;1000;171.026
40;0.075;1100;127.98
40;0.1;800;345.861
40;0.1;900;235.265
40;0.1;1000;178.477
40;0.1;1100;134.106
40;0.125;800;357.947
40;0.125;900;242.384
40;0.125;1000;183.775
40;0.125;1100;137.252
40;0.15;800;368.046
40;0.15;900;248.675
40;0.15;1000;187.748
40;0.15;1100;139.57
40;0.175;800;373.675
40;0.175;900;255.132
40;0.175;1000;190.894
40;0.175;1100;143.377
40;0.2;800;378.974
40;0.2;900;258.278
40;0.2;1000;193.709
40;0.2;1100;145.695
40;0.225;800;384.437
40;0.225;900;261.755
40;0.225;1000;196.854
40;0.225;1100;146.854
40;0.25;800;387.914
40;0.25;900;264.901
40;0.25;1000;199.172
40;0.25;1100;148.179
40;0.275;800;390.728
40;0.275;900;267.715
40;0.275;1000;199.172
40;0.275;1100;148.841
40;0.3;800;390.728
40;0.3;900;269.536
40;0.3;1000;199.172
40;0.3;1100;149.669
40;0.325;800;390.728
40;0.325;900;272.02
40;0.325;1000;199.172
40;0.325;1100;151.159
40;0.35;800;390.728
40;0.35;900;274.338
40;0.35;1000;199.172
40;0.35;1100;151.159
40;0.375;800;390.728
40;0.375;900;274.338
40;0.375;1000;199.172
40;0.375;1100;151.159
40;0.4;800;389.073
40;0.4;900;274.338
40;0.4;1000;199.172
40;0.4;1100;151.656
40;0.425;800;387.252
40;0.425;900;275.828
40;0.425;1000;200.828
40;0.425;1100;152.483
40;0.45;800;386.258
40;0.45;900;276.656
40;0.45;1000;200.828
40;0.45;1100;152.483
40;0.475;800;386.258
40;0.475;900;276.656
40;0.475;1000;200.828
40;0.475;1100;151.656
40;0.5;800;386.258
40;0.5;900;276.656
40;0.5;1000;200.828
40;0.5;1100;151.656
40;0.525;800;386.258
40;0.525;900;276.656
40;0.525;1000;200.828
40;0.525;1100;151.656
40;0.55;800;386.258
40;0.55;900;276.656
40;0.55;1000;199.172
40;0.55;1100;151.656
40;0.575;800;386.258
40;0.575;900;276.656
40;0.575;1000;199.172
40;0.575;1100;151.656
40;0.6;800;386.258
40;0.6;900;276.656
40;0.6;1000;199.172
40;0.6;1100;151.656
40;0.625;800;383.94
40;0.625;900;275.497
40;0.625;1000;199.172
40;0.625;1100;151.656
40;0.65;800;381.788
40;0.65;900;274.172
40;0.65;1000;197.517
40;0.65;1100;151.656
40;0.675;800;380.795
40;0.675;900;274.172
40;0.675;1000;195.53
40;0.675;1100;151.656
40;0.7;800;379.305
40;0.7;900;272.351
40;0.7;1000;195.53
40;0.7;1100;151.656
40;0.725;800;378.311
40;0.725;900;270.861
40;0.725;1000;194.04
40;0.725;1100;151.656
40;0.75;800;376.821
40;0.75;900;270.861
40;0.75;1000;192.384
40;0.75;1100;151.656
40;0.775;800;374.834
40;0.775;900;268.543
40;0.775;1000;190.894
40;0.775;1100;151.656
40;0.8;800;372.02
40;0.8;900;266.556
40;0.8;1000;189.073
40;0.8;1100;151.656
